{"best_model": "XGBoost (Optuna-tuned)", "macro_f1": 0.9993474660868082, "accuracy": 0.9993466187520418}